List 1,List 2,List 3,List 4,List 5,List 6,List 7,List 8,List 9,List 10
Alex,Audrey,Andy,Anna,Aidan,Alissa,Alberto,Angela,Angelo,Alice
Beatrice,Brandon,Bonnie,Bryan,Bella,Benjamin,Blaise,Bernardo,Brenda,Bruce
Colin,Christine,Charlie,Cissy,Carson,Christy,Carlos,Corliss,Clark,Candy
Dawn,David,Dorcas,Dominic,Diana,Daniel,Daisy,Derrick,Doris,Dylan
Ernest,Elyse,Erik,Esther,Erling,Emmelyn,Frederick,Flavia,Facundo,Frances
Grace,Geoffrey,Gloria,Gabriel,Greta,Gregory,Gwyneth,Gareth,Gianna,Giovanni
Harrison,Hope,Hubert,Hana,Hendrik,Hazel,Ian,Ivanka,Inaki,Ivy
Janet,Jacob,Joey,Joshua,Julie,Julian,Jessica,Jack,Jennifer,James
Kinen,Katrina,Keith,Kannas,Kevin,Kelly,Kyle,Kyan,Kelechi,Katie
Lydia,Luke,Lily,Lomy,Laura,Luca,Lorraine,Lionel,Laurel,Luigi
Mario,Maho,Marco,Megan,Manuel,Mary,Manfred,Melody,Micah,Michelle
Nicole,Nicholas,Noelle,Neo,Naomi,Nabil,Oxlip,Oscar,Olivia,Ollie
Phil,Peach,Quinn,Queenie,Ryan,Rosalina,Romeo,Rachel,Ruben,Rosita
Song,Samson,Shannon,Samuel,Shirley,Shawn,Sofiee,Savio,Seldoen,Sergio
Tony,Tiffany,Thomas,Tess,Timothy,Tracy,Travis,Tatiana,Troy,Toby
Victoria,Victor,Winnie,William,Wendy,Wilson,Yan,Yoshi,Zoe,Zack